{"gen": {"10_0_1000": [0.027622699737548828, 0.02034759521484375, 0.02311086654663086, 0.029985666275024414, 0.00842738151550293, 0.007325172424316406, 0.02511310577392578, 0.009886026382446289, 0.009705305099487305, 0.010850191116333008], "10_1_1000": [0.010535001754760742, 0.02028679847717285, 0.02444601058959961, 0.02274465560913086, 0.013007164001464844, 0.009578943252563477, 0.011557817459106445, 0.010647058486938477, 0.007211208343505859, 0.007476091384887695], "10_2_1000": [0.026578187942504883, 0.026783227920532227, 0.037184953689575195, 0.029175281524658203, 0.01942729949951172, 0.010162115097045898, 0.012956857681274414, 0.0072214603424072266, 0.010497808456420898, 0.00771331787109375], "50_0_1000": [0.029711246490478516, 0.05281853675842285, 0.05695223808288574, 0.02317667007446289, 0.017983198165893555, 0.014823198318481445, 0.018560171127319336, 0.016671180725097656, 0.00971674919128418, 0.014517545700073242], "50_1_1000": [0.031092166900634766, 0.05498313903808594, 0.054790496826171875, 0.030496835708618164, 0.019150257110595703, 0.014336585998535156, 0.01834392547607422, 0.011238336563110352, 0.016407251358032227, 0.011892557144165039], "50_2_1000": [0.02272820472717285, 0.05500364303588867, 0.052747249603271484, 0.013637781143188477, 0.01275777816772461, 0.012932062149047852, 0.021108627319335938, 0.01807260513305664, 0.015484094619750977, 0.01963329315185547], "100_0_1000": [0.06541299819946289, 0.0597994327545166, 0.06368494033813477, 0.05756545066833496, 0.014738082885742188, 0.017591476440429688, 0.01588153839111328, 0.03454875946044922, 0.022510290145874023, 0.02321147918701172], "100_1_1000": [0.06295943260192871, 0.05521130561828613, 0.043523550033569336, 0.05495166778564453, 0.016981124877929688, 0.018188953399658203, 0.02163076400756836, 0.02219414710998535, 0.020635366439819336, 0.021473169326782227], "100_2_1000": [0.04806017875671387, 0.06359338760375977, 0.06264781951904297, 0.03213930130004883, 0.013472795486450195, 0.02312159538269043, 0.016036510467529297, 0.019774913787841797, 0.015150785446166992, 0.01944899559020996], "150_0_1000": [0.03154277801513672, 0.06994485855102539, 0.0708320140838623, 0.036760807037353516, 0.020079612731933594, 0.025313138961791992, 0.028145790100097656, 0.020401477813720703, 0.025870323181152344, 0.028122663497924805], "150_1_1000": [0.07053494453430176, 0.06546998023986816, 0.06855106353759766, 0.04448819160461426, 0.022121667861938477, 0.033315181732177734, 0.038942813873291016, 0.02801990509033203, 0.03622555732727051, 0.03173661231994629], "150_2_1000": [0.08843803405761719, 0.08567357063293457, 0.07999348640441895, 0.0756382942199707, 0.03292989730834961, 0.02598261833190918, 0.034013986587524414, 0.029116153717041016, 0.028354644775390625, 0.03168773651123047], "200_0_1000": [0.0970921516418457, 0.09897613525390625, 0.05896258354187012, 0.09082937240600586, 0.02323293685913086, 0.03458070755004883, 0.03847146034240723, 0.03533577919006348, 0.024550437927246094, 0.03747892379760742], "200_1_1000": [0.09777259826660156, 0.08977746963500977, 0.0817868709564209, 0.07889914512634277, 0.026625871658325195, 0.03636932373046875, 0.02408623695373535, 0.034399986267089844, 0.03970956802368164, 0.03572416305541992], "200_2_1000": [0.09490513801574707, 0.09125494956970215, 0.07927131652832031, 0.05131864547729492, 0.025390625, 0.031100034713745117, 0.038315773010253906, 0.028003692626953125, 0.03717470169067383, 0.036496639251708984], "250_0_1000": [0.07145953178405762, 0.09236550331115723, 0.09815645217895508, 0.08400869369506836, 0.040014028549194336, 0.03851795196533203, 0.05378317832946777, 0.03876471519470215, 0.03943467140197754, 0.04323172569274902], "250_1_1000": [0.09727787971496582, 0.07268047332763672, 0.038324832916259766, 0.0873265266418457, 0.04165077209472656, 0.040508270263671875, 0.04546070098876953, 0.03860020637512207, 0.045084476470947266, 0.0455937385559082], "250_2_1000": [0.10103464126586914, 0.07768893241882324, 0.08508872985839844, 0.08937382698059082, 0.06474518775939941, 0.04101371765136719, 0.046050071716308594, 0.04058408737182617, 0.050983428955078125, 0.04229998588562012], "300_0_1000": [0.0483248233795166, 0.06003737449645996, 0.09914088249206543, 0.0472714900970459, 0.03455209732055664, 0.05331230163574219, 0.05927443504333496, 0.03419971466064453, 0.04059934616088867, 0.05312395095825195], "300_1_1000": [0.09066247940063477, 0.0831601619720459, 0.0836327075958252, 0.05477333068847656, 0.04436326026916504, 0.043148040771484375, 0.05609631538391113, 0.04349541664123535, 0.04159283638000488, 0.05914640426635742], "300_2_1000": [0.08869147300720215, 0.08945035934448242, 0.06026315689086914, 0.03664517402648926, 0.04392433166503906, 0.053087472915649414, 0.04594254493713379, 0.04378867149353027, 0.04879331588745117, 0.050989627838134766], "350_0_1000": [0.0872960090637207, 0.07571649551391602, 0.08500838279724121, 0.07843971252441406, 0.04529881477355957, 0.05820059776306152, 0.03038167953491211, 0.03908491134643555, 0.06642961502075195, 0.0749514102935791], "350_1_1000": [0.04517674446105957, 0.09559249877929688, 0.0819101333618164, 0.07396745681762695, 0.04697585105895996, 0.062239885330200195, 0.04607653617858887, 0.03976631164550781, 0.04810786247253418, 0.061812400817871094], "350_2_1000": [0.0794670581817627, 0.09892940521240234, 0.0596461296081543, 0.04024362564086914, 0.052344322204589844, 0.061107635498046875, 0.0388641357421875, 0.05823063850402832, 0.04071187973022461, 0.043735504150390625]}, "build": {"10_0_1000": [4.914634466171265, 5.342149019241333, 5.202683687210083, 5.302706241607666, 5.2930426597595215, 5.144826412200928, 4.978204250335693, 4.575998067855835, 4.642837285995483, 4.4927263259887695], "10_1_1000": [0.0603184700012207, 0.06583857536315918, 0.07101058959960938, 0.06630182266235352, 0.06714248657226562, 0.0704960823059082, 0.08973431587219238, 0.09676241874694824, 0.058893680572509766, 0.06071782112121582], "10_2_1000": [2.850144386291504, 3.039263963699341, 3.3798282146453857, 3.2582545280456543, 3.0773844718933105, 3.166520357131958, 2.7179646492004395, 2.8295514583587646, 2.61398983001709, 2.7208144664764404], "50_0_1000": [5.27695631980896, 5.316572904586792, 5.704135179519653, 5.353835821151733, 5.306555271148682, 5.2850611209869385, 4.886488676071167, 4.38847017288208, 4.5701680183410645, 4.8964667320251465], "50_1_1000": [0.07069063186645508, 0.06838798522949219, 0.06765103340148926, 0.08119964599609375, 0.0712423324584961, 0.0882413387298584, 0.09706521034240723, 0.05934929847717285, 0.08198904991149902, 0.09520602226257324], "50_2_1000": [4.191461086273193, 4.2702202796936035, 3.6106436252593994, 3.470021963119507, 5.0896546840667725, 5.486813545227051, 4.599998950958252, 3.728247880935669, 4.114642381668091, 4.724904298782349], "100_0_1000": [5.427028179168701, 5.2174530029296875, 5.29661226272583, 5.428046703338623, 5.351598024368286, 5.304788112640381, 4.451249837875366, 4.836180210113525, 4.569185018539429, 4.828816175460815], "100_1_1000": [0.0710299015045166, 0.08716678619384766, 0.07547450065612793, 0.08041906356811523, 0.08860397338867188, 0.10892581939697266, 0.07596659660339355, 0.08254814147949219, 0.08712625503540039, 0.09781646728515625], "100_2_1000": [7.062216281890869, 6.004939079284668, 6.371424913406372, 8.65807819366455, 4.70815896987915, 5.270908832550049, 5.599491834640503, 4.052206754684448, 3.336139440536499, 6.330548286437988], "150_0_1000": [5.387234449386597, 5.669074535369873, 5.265898942947388, 5.475502252578735, 5.524353981018066, 5.124443054199219, 4.4080212116241455, 4.648468494415283, 4.975911378860474, 4.907559871673584], "150_1_1000": [0.0995638370513916, 0.09697580337524414, 0.07575035095214844, 0.07480859756469727, 0.0959317684173584, 0.14761900901794434, 0.10662508010864258, 0.09464430809020996, 0.10968470573425293, 0.12360167503356934],