{"gen": {"10_0_70": [0.00845956802368164, 0.0076830387115478516, 0.004756927490234375], "10_1_70": [0.006148815155029297, 0.005188703536987305, 0.004514455795288086], "10_2_70": [0.0060770511627197266, 0.007523775100708008, 0.007009267807006836], "50_0_70": [0.017975807189941406, 0.011883974075317383, 0.018616914749145508], "50_1_70": [0.016825437545776367, 0.015306472778320312, 0.017617225646972656], "50_2_70": [0.021342754364013672, 0.02428579330444336, 0.01938796043395996], "100_0_70": [0.03373908996582031, 0.032137155532836914, 0.025017976760864258], "100_1_70": [0.023354291915893555, 0.06487703323364258, 0.030086517333984375], "100_2_70": [0.016455650329589844, 0.01693129539489746, 0.04741859436035156], "150_0_70": [0.024379491806030273, 0.049483537673950195, 0.027031421661376953], "150_1_70": [0.04586529731750488, 0.029422521591186523, 0.05971980094909668], "150_2_70": [0.034006357192993164, 0.044859886169433594, 0.0325467586517334], "200_0_70": [0.08530879020690918, 0.0529932975769043, 0.04825758934020996], "200_1_70": [0.08173108100891113, 0.04978442192077637, 0.0524446964263916], "200_2_70": [0.07784152030944824, 0.0747823715209961, 0.02160930633544922], "250_0_70": [0.0879368782043457, 0.06561613082885742, 0.07599043846130371], "250_1_70": [0.08771824836730957, 0.09370660781860352, 0.0358433723449707], "250_2_70": [0.09225654602050781, 0.05716586112976074, 0.039943695068359375], "300_0_70": [0.04095911979675293, 0.06885623931884766, 0.0447077751159668], "300_1_70": [0.05332612991333008, 0.09443831443786621, 0.08719134330749512], "300_2_70": [0.08272743225097656, 0.06493544578552246, 0.07301855087280273], "350_0_70": [0.0546572208404541, 0.07627201080322266, 0.06711411476135254], "350_1_70": [0.03305983543395996, 0.08944034576416016, 0.04503321647644043], "350_2_70": [0.06648945808410645, 0.0789785385131836, 0.04275798797607422]}, "build": {"10_0_70": [4.2995734214782715, 4.3643035888671875, 4.3735315799713135], "10_1_70": [0.06412029266357422, 0.06014704704284668, 0.0559077262878418], "10_2_70": [2.2873075008392334, 2.34065842628479, 2.6264967918395996], "50_0_70": [4.411367654800415, 4.507949590682983, 4.335649490356445], "50_1_70": [0.06547880172729492, 0.06004619598388672, 0.07590651512145996], "50_2_70": [3.986971855163574, 3.081857919692993, 3.2582004070281982], "100_0_70": [4.3643670082092285, 4.487315893173218, 4.4847657680511475], "100_1_70": [0.09097981452941895, 0.08708834648132324, 0.08107161521911621], "100_2_70": [8.761792659759521, 4.85118556022644, 4.814857721328735], "150_0_70": [4.411203622817993, 4.397659540176392, 4.504043340682983], "150_1_70": [0.08617210388183594, 0.09611177444458008, 0.0791008472442627], "150_2_70": [7.2475996017456055, 7.740788221359253, 6.35663914680481], "200_0_70": [4.363664150238037, 4.397518157958984, 4.383773565292358], "200_1_70": [0.10047411918640137, 0.09696412086486816, 0.0975797176361084], "200_2_70": [5.273962497711182, 9.106825113296509, 5.70602560043335], "250_0_70": [4.364413261413574, 4.347800016403198, 4.439537286758423], "250_1_70": [0.10502314567565918, 0.11646461486816406, 0.12670397758483887], "250_2_70": [12.641213417053223, 8.09054970741272, 10.004263639450073], "300_0_70": [4.408851385116577, 4.613743782043457, 4.405009984970093], "300_1_70": [0.12276792526245117, 0.10504770278930664, 0.11836481094360352], "300_2_70": [13.487995386123657, 12.814777851104736, 11.975724220275879], "350_0_70": [4.66556191444397, 4.482929229736328, 4.47892689704895], "350_1_70": [0.1312243938446045, 0.12843966484069824, 0.11707115173339844], "350_2_70": [26.774242162704468, 21.902796268463135, 14.939777612686157]}, "exec": {"10_0_70": [0.06495881080627441, 0.06347298622131348, 0.06315040588378906], "10_1_70": [0.01969432830810547, 0.02151036262512207, 0.02089715003967285], "10_2_70": [0.015933990478515625, 0.013327598571777344, 0.01282048225402832], "50_0_70": [0.06822085380554199, 0.05875444412231445, 0.06592154502868652], "50_1_70": [0.02102518081665039, 0.02090597152709961, 0.020550012588500977], "50_2_70": [0.01519012451171875, 0.012932538986206055, 0.01022028923034668], "100_0_70": [0.06736183166503906, 0.0596468448638916, 0.05954861640930176], "100_1_70": [0.024430274963378906, 0.0298159122467041, 0.028853893280029297], "100_2_70": [0.014692306518554688, 0.012408733367919922, 0.012997150421142578], "150_0_70": [0.06521081924438477, 0.06229376792907715, 0.05917978286743164], "150_1_70": [0.0249788761138916, 0.025647878646850586, 0.026353836059570312], "150_2_70": [0.016875028610229492, 0.013755559921264648, 0.016112565994262695], "200_0_70": [0.0649862289428711, 0.06395244598388672, 0.06559562683105469], "200_1_70": [0.02859663963317871, 0.028568029403686523, 0.026973247528076172], "200_2_70": [0.01743149757385254, 0.01697540283203125, 0.016823768615722656], "250_0_70": [0.0614471435546875, 0.06686520576477051, 0.06366729736328125], "250_1_70": [0.03380107879638672, 0.037018537521362305, 0.039473533630371094], "250_2_70": [0.014703512191772461, 0.017124176025390625, 0.020288705825805664], "300_0_70": [0.06242084503173828, 0.05829334259033203, 0.06275033950805664], "300_1_70": [0.03452610969543457, 0.03620767593383789, 0.03438544273376465], "300_2_70": [0.017129898071289062, 0.017728805541992188, 0.017000675201416016], "350_0_70": [0.06422662734985352, 0.0754098892211914, 0.06536388397216797], "350_1_70": [0.03107166290283203, 0.03221869468688965, 0.02693629264831543], "350_2_70": [0.017303943634033203, 0.019063949584960938, 0.015868186950683594]}, "simlen": 70}